pid,Predominant Turbine Manufacturer,Predominant Turbine Model Number,Turbine Hub Height (Feet),Category,Generator,lat,lon,Capacity_MW,Region,ISO,State,EIA Plant ID,EIA Gen ID,coord_source,cluster_id,cluster_centroid_lat,cluster_centroid_lon,cluster_capacity_mw
w5,GE,1.5 SLE,262.467,WT_WND,Alta Wind Energy Center I,35.033725,-118.3534,150,SCE,CAISO,CA,57282,AW01,original,0,35.0615913,-118.31039,3397.8
w6,Vestas,V90-3.0,262.467,WT_WND,Alta Wind Energy Center II,35.023889,-118.2953,150,SCE,CAISO,CA,57291,AW02,original,0,35.0615913,-118.31039,3397.8
w12,GE,1.7-100,262.467,WT_WND,Alta Wind XI,35.065,-118.39,90,SCE,CAISO,CA,58395,AW11,original,0,35.0615913,-118.31039,3397.8
w14,Micon,M66/13,262.467,WT_WND,Altech III (GEN2),33.915023,-116.5551,3.4,SCE,CAISO,CA,50485,GEN2,original,1,33.91797605,-116.62153,903.1
w15,,,262.467,WT_WND,AM Wind Repower LLC,33.943741,-116.6615,27,SCE,CISO,CA,66167,63235,original,1,33.91797605,-116.62153,903.1
